{
  "train_loss": [
    0.41979422522864274,
    0.25367850565303357,
    0.24265222246734774,
    0.23503647690953292,
    0.23496190831126762,
    0.23680259113686994,
    0.21010190052894703,
    0.20867279359655433,
    0.20316616349337338,
    0.20494710944579403,
    0.2036448618704119,
    0.20285197307125835,
    0.20000153986417196,
    0.20023546504233372
  ],
  "train_acc": [
    0.8748553479914035,
    0.9816498594809059,
    0.9864440403372459,
    0.9905769548685733,
    0.9892544222185485,
    0.9819804926434121,
    0.9940486030748884,
    0.9950405025624071,
    0.9976855678624567,
    0.9970243015374443,
    0.9978508844437097,
    0.9981815176062159,
    0.9995040502562407,
    0.9995040502562407
  ],
  "val_loss": [
    0.27386752040836754,
    0.24684767131730329,
    0.240510233274595,
    0.23615665968478194,
    0.23501767441043703,
    0.21323204052260541,
    0.2070959205702534,
    0.2081386408233267,
    0.20475327053407985,
    0.20659651789139574,
    0.22628854074346738,
    0.20761865823287665,
    0.20863053366893858,
    0.20899396583320587
  ],
  "val_acc": [
    0.9606299212598425,
    0.984251968503937,
    0.9881889763779528,
    0.9881889763779528,
    0.9921259842519685,
    0.9921259842519685,
    0.9960629921259843,
    0.9960629921259843,
    0.9960629921259843,
    0.9960629921259843,
    0.9881889763779528,
    0.9960629921259843,
    0.9960629921259843,
    0.9960629921259843
  ]
}